title,company,summary,job_location,post_date,salary,availability
Python Developer/Model Implementation,Ally Financial,The Python Developer will be responsible for implementing business processes and solutions using the models developed by Ally's Modeling and Analytics group.,"Charlotte, NC",Posted30+ days ago,None,Full-time
PYTHON DEVELOPER,OC10,"We are looking for a Python Web Developer responsible for developing, enhancing, modifying, maintaining applications and managing the interchange of data…","Charlotte, NC 28202 (Downtown Charlotte area)",Posted30+ days ago,Estimated $102K - $130K a year,None
newSQL/Python Reporting Developer,Bank of America,Responsible for performing more complex analysis and is engaged in the development of modeling that maximizes profits and asset growth and minimizes credit and…,"Charlotte, NC 28202 (First Ward area)+7 locations",Posted2 days ago,None,Full-time
newSoftware QE Developer - Opportunity for Working Remotely Cha...,VMware,"Working with the Networking Security team, you will be engaged in testing for network services such as NSX, Firewall, VPN, etc., and ensuring that you deliver…","Remote in Charlotte, NC+4 locations",Posted5 days ago,None,Full-time
IaC Terraform Engineer,WELLS FARGO BANK,"Lead moderately complex initiatives and deliverables within technical domain environments.
Contribute to large scale planning of strategies.","Charlotte, NC",Posted30+ days ago,None,Full-time
newTools Developer,Verisk,"Good to have: bash, python, ruby, nodejs, laravel, AWS.
We are looking for experienced developers with broad skillsets to work on special projects, internal…","Remote in Huntersville, NC 28078",Posted2 days ago,Estimated $103K - $130K a year,Full-time
Software Engineer,Pratt Miller,"Our range of research & development, engineering, prototype manufacturing, test & validation, and low-rate production capability help our customers bring their…","Huntersville, NC 28078",Posted26 days ago,Estimated $97.5K - $123K a year,Full-time
Python Agent Engineer - Remote,New Relic,"Customers run our code in their production systems, which means you write, build and run a comprehensive test suite to make sure each release is extensively…","Remote in Charlotte, NC 28201",Posted10 days ago,None,"$95,000 - $119,000 a year"
Hadoop Developer,Bank of America,"The Data Analytics and Insights Technology team, part of Retail Preferred Small Business & Wealth Technology, is searching for a Hadoop Developer.","Charlotte, NC 28202 (Third Ward area)+1 location",Posted30+ days ago,None,Full-time
Entry Level to Senior Level Software Developers,Lorven Group,"Analyze, Design, Develop & Modify Multi-Tier Enterprise applications using various technologies such as Python, SQL, HTML/ XHTML, Oracle PL/SQL, Hive, Spark,…","Pineville, NC 28134",Posted30+ days ago,Estimated $83.9K - $106K a year,None
Backend Web Developer,Wastequip,"Education: Bachelor's degree from an accredited university in the field of computer science, software engineering, software development, or other such…","Charlotte, NC 28211 (Barclay Downs area)",Posted30+ days ago,Estimated $75.9K - $96.1K a year,Full-time
Cloud Engineer,Vanguard,"Develop and build AWS cloud native stacks using Cloud Formation and development languages such as Python, NodeJS and Java.","Charlotte, NC+3 locations",Posted30+ days ago,None,None
newFrontend VueJS Developer,Deloitte,"The selected candidate will be tasked with for developing capabilities for our Design, Analytics, and Discovery tool sets on the frontend with VueJS framework.","Charlotte, NC 28202 (Downtown Charlotte area)+1 location",Posted1 day ago,None,Full-time
Backend Software Engineer - Opportunity for Working Remotely...,VMware,"The primary technical skills include working with java (debugging and developing), python and SQL.
Thrill of the hunt: this job is primarily about root cause…","Remote in Charlotte, NC",Posted23 days ago,None,Full-time
New Graduate Software Engineer,Credit Karma,"You will contribute to important efforts including the build-out of new product features and development of new micro-services.
Love of web and mobile products.","Charlotte, NC 28277 (Ballantyne East area)",Posted30+ days ago,Estimated $102K - $129K a year,None
Solution Developer - Aera Technology Platform - Location Ope...,Deloitte,"Are you an experienced, passionate pioneer in technology?
A Supply Chain professional who wants to work in a collaborative environment.","Charlotte, NC 28202 (Downtown Charlotte area)+1 location",Posted14 days ago,None,Full-time
Software Developer (1+ years) | Charlotte,LandDesign Inc.,"We are looking for a passionate, entry-level software developer to join us in our journey to innovate within the AEC design-space.","Charlotte, NC 28202 (Downtown Charlotte area)",Posted30 days ago,Estimated $81.2K - $103K a year,None
"Python, PySpark, Scala Developer",Deloitte,"Are you an experienced, passionate pioneer in technology - a solutions builder, a roll-up-your-sleeves technologist who wants a daily collaborative environment,…","Charlotte, NC 28202 (Downtown Charlotte area)+5 locations",Posted30+ days ago,None,Full-time
"Software Engineer I, Risk Technology",Bank of America,"Responsible for developing and delivering software to accomplish business goals.
Ensures that software is developed to meet functional and non-functional…","Charlotte, NC 28202 (Fourth Ward area)+1 location",Posted30+ days ago,None,Full-time
newJr Python Developer,Moody's Investors Service,"An Associate Software Engineer works under the guidance of a Senior Software Engineer in coding, enhancing and testing of software applications to meet business…","Charlotte, NC",Posted3 days ago,None,Full-time
newAVP Database Developer,Moody's,"5+ years of experience working as a database developer and/or DBA using SQL Server 2012 and higher.
This associate will provide expert database design,…","Charlotte, NC 28201 (Myers Park area)",Posted3 days ago,None,None
newFull Stack Developer with NodeJS,Deloitte,"US Full stack Developer with NodeJS.
Our firm is investing in new ways to deliver value to our clients, bringing IP to the market through the use of assets,…","Charlotte, NC 28202 (Downtown Charlotte area)+6 locations",Posted1 day ago,None,Full-time
newLead Software Engineer,Comcentric,"We are seeking a Lead Software Engineer for a 12+ month Contract in Charlotte, NC.
Resolves complex problems spanning multiple applications to drive…","Charlotte, NC",PostedJust posted,Estimated $128K - $162K a year,Full-time +1
"Software Engineer, Backend",Jumpcloud,"All roles at JumpCloud are Remote unless otherwise specified in the Job Description.
JumpCloud’s mission is to Make Work Happen®, providing simple, secure…","Remote in Charlotte, NC",Posted30+ days ago,Estimated $119K - $150K a year,Full-time
Java Developer,Deloitte,"Are you looking for an organization with startup spirit AND enterprise strength?
Deloitte Consulting's New Busines Innovation (NBI) offers both!","Charlotte, NC 28202 (Downtown Charlotte area)",Posted30+ days ago,None,Full-time
Lead Software Engineer Python Developer,WELLS FARGO BANK,"Wells Fargo is seeking talented people who will put our customers at the center of everything we do.
We are seeking candidates who embrace diversity, equity and…","Charlotte, NC",Posted30+ days ago,None,Full-time
iOS Developer,Bulk File Merger,"Build iOS SDKs and libraries that iOS developers can integrate with apps.
Kickstart our native merging apps.
Maintain and extend our existing open source work.","Charlotte, NC 28277 (Provincetowne area)",Posted30+ days ago,Estimated $102K - $129K a year,None
newAutomation & Digitization Developer II,LPL Financial,"Do you have an understanding of Cloud & AI/ML Technologies?
Have you had exposure building Bot-apps using AWS capabilities for RPA-Automation, Document/Image…","Fort Mill, SC 29715",Posted4 days ago,None,None
newInformation Engineer – BI Platforms,Truist Financial,"The position is described below.
If you want to apply, click the Apply button at the top or bottom of this page.
1st shift (United States of America).","Charlotte, NC 28269",Posted5 days ago,None,Full-time
"Python/Java/C++, SQL/PL Feature Lead - Risk Technology",Bank of America,Lead Software developer- This role requires an experienced software developer lead who is looking forward to work with XVA Counterparty Portfolio Management…,"Charlotte, NC 28202 (First Ward area)",Posted13 days ago,None,Full-time
"Software Developer, Sr",Electric Power Research Institute,"May lead less experienced software developers and small projects.
Primary developer of input for effort, schedule and scope estimation.","Charlotte, NC 28262 (University City North area)",Posted13 days ago,Estimated $89.7K - $114K a year,Full-time
Cloud Engineer -,ZM Financial Systems,"Our data, analytical solutions and insights help decision-makers identify opportunities and manage the risks of doing business with others.","Charlotte, NC",Posted30+ days ago,Estimated $96.9K - $123K a year,Full-time
Software Engineer (Python/Linux/Packaging),Canonical - Jobs,"Snapcraft allows developers to deliver app updates to millions of Linux systems automatically, eliminating the long tail of supported releases and complex…","Remote in Charlotte, NC+10 locations",Posted30+ days ago,Estimated $128K - $162K a year,None
Platform Engineer I Red Platform,Red Ventures,"Our engineers work on a variety of things like information collection and retrieval, distributed computing, large-scale system design, networking, data storage,…","Remote in Charlotte, NC",Posted9 days ago,Estimated $110K - $140K a year,None
Software Engineer III,Bank of America,This role is expected to contribute to the foundational design of NFRR Platform roadmap and develop core (re-usable) framework components spanning the full…,"Charlotte, NC 28202 (Third Ward area)+8 locations",Posted30+ days ago,None,Full-time
newDevOps Engineer,Bank of America,"This position is for a DevOps Engineer role within a diverse cross-functional team.
Collaborate with application development teams and provide operational…","Charlotte, NC 28202 (Third Ward area)+1 location",Posted6 days ago,None,Full-time
"Software Engineer, Backend",Jumpcloud,"Experience developing distributed systems, microservices, and REST APIs (including using them as integration points with third-party applications) in a variety…","Remote in Charlotte, NC",Posted30+ days ago,Estimated $119K - $150K a year,Full-time
Software Engineering Manager,Microsoft,"4+ years of experience as an Agile practitioner (certified scrum master, scrum developer, scrum professional, etc.).
Good understanding of CI/CD pipelines.","Charlotte, NC",Posted13 days ago,None,Full-time
newAssociate DevOps Engineer,Humanity,"Ability to write clear technical documentation for use by developers and testers.
Work with senior developers and hardware teams to update infrastructure and OS…","Charlotte, NC+3 locations",Posted1 day ago,Estimated $73.7K - $93.3K a year,Full-time
newSolutions Architect – Tanzu Mission Control - Opportunity fo...,VMware,"Tanzu Mission Control (TMC), a core SaaS delivered component of VMware’s leading-edge Modern Apps & Management Business Group is looking for a seasoned, highly…","Remote in Charlotte, NC+1 location",Posted3 days ago,None,Full-time
"Software Engineer I, Risk Technology",Bank of America,"Responsible for developing and delivering software to accomplish business goals.
Ensures that software is developed to meet functional and non-functional…","Charlotte, NC 28202 (Fourth Ward area)+1 location",Posted30+ days ago,None,Full-time
"Python, PySpark, Scala Developer",Deloitte,"Function as an integrator between business needs and technology solutions, helping to create technology solutions to meet clients' requirements.","Charlotte, NC 28202 (Downtown Charlotte area)+5 locations",Posted30+ days ago,None,Full-time
newSite Reliability Engineer,WELLS FARGO BANK,"Wells Fargo is seeking a Senior Systems Operations Engineer.
Within the CLT (Consumer Lending Technology) Personal Lending Technology Platform support Group…","Charlotte, NC",Posted3 days ago,None,Full-time
"Full Stack Engineer, Integrations",Jumpcloud,"4+ years of industry/production programming experience.
Skilled in backend service development, ideally using Golang and/or NodeJS, or other languages (Java,…","Remote in Charlotte, NC",Posted30+ days ago,Estimated $104K - $131K a year,Full-time
Security Engineer - Applications / DevOps (REMOTE),eXp Realty,EXp develops and uses the latest and greatest cloud technology and engineering frameworks to build and deploy enterprise-class products for its agents worldwide…,"Remote in Charlotte, NC",Posted9 days ago,Estimated $124K - $157K a year,Full-time
newCloud Engineer - (100% Remote Throughout US),Moody's Investors Service,"Assist business and technology teams in resolving cloud issues and incidents.
Coordinate with cloud provider support teams and Moody’s teams to solve problems…","Remote in Charlotte, NC",Posted3 days ago,None,Full-time
"Senior Software Engineer, Office of the CTO, SASE, K8s - Opp...",VMware,"Expected to build up a working knowledge of at least one of our key technology areas and be familiar with code check-in, code review, and development process.","Remote in Charlotte, NC+5 locations",Posted9 days ago,None,Full-time
Platform Engineer I Red Platform,Red Ventures,"Our engineers work on a variety of things like information collection and retrieval, distributed computing, large-scale system design, networking, data storage,…","Remote in Charlotte, NC",Posted9 days ago,Estimated $110K - $140K a year,None
Software Engineer II,Microsoft,"Ability to provide technical leadership to other developers.
Commerce Financial Services (CFS) Corporate Finance Engineering builds and manages the critical…","Charlotte, NC+4 locations",Posted27 days ago,None,Full-time
Cloud Engineer -,ZM Financial Systems,"Our data, analytical solutions and insights help decision-makers identify opportunities and manage the risks of doing business with others.","Charlotte, NC",Posted30+ days ago,Estimated $96.9K - $123K a year,Full-time
newSolutions Architect – Tanzu Mission Control - Opportunity fo...,VMware,"Tanzu Mission Control (TMC), a core SaaS delivered component of VMware’s leading-edge Modern Apps & Management Business Group is looking for a seasoned, highly…","Remote in Charlotte, NC+1 location",Posted3 days ago,None,Full-time
DevOps Engineer,Empowered Benefits,"Creativity and coding aren’t mutually exclusive and you’re progressive with programming.
And you can act as a liaison between clients, systems engineers and…","Charlotte, NC 28202 (Fourth Ward area)",Posted30+ days ago,Estimated $97.4K - $123K a year,Full-time
Senior Developer Relations Engineer,New Relic,"Traveling: meeting developers where they are and exploring their cultures.
1-2 years of professional developer relations or community engagement experience.","Remote in Charlotte, NC 28201",Posted13 days ago,Estimated $98.6K - $125K a year,Full-time
Python Full-stack Engineer (Remote),Grid Dynamics,"Build and upgrade the platform for various healthcare applications.
Day-to-day hands-on work with project engineering teams to ensure the best approaches for…","Remote in Charlotte, NC 28262",Posted30+ days ago,Estimated $103K - $130K a year,Full-time
Senior Software Engineer (MongoDB/Python),Canonical - Jobs,"You have experience operating and managing MongoDB clusters.
You are experienced with modern infrastructure deployment automations or with traditional Linux…","Remote in Charlotte, NC+6 locations",Posted30+ days ago,Estimated $134K - $169K a year,None
"Software Developer, Sr",Electric Power Research Institute,"May lead less experienced software developers and small projects.
Primary developer of input for effort, schedule and scope estimation.","Charlotte, NC 28262 (University City North area)",Posted13 days ago,Estimated $89.7K - $114K a year,Full-time
Machine Learning Engineer,WELLS FARGO BANK,"Act as technical lead and agile developer for key model operationalization task.
4+ years of Apache Spark design and development experience using python, Scala,…","Charlotte, NC 28202 (Downtown Charlotte area)+1 location",Posted10 days ago,None,Full-time
Software Engineering Manager,Microsoft,"4+ years of experience as an Agile practitioner (certified scrum master, scrum developer, scrum professional, etc.).
Good understanding of CI/CD pipelines.","Charlotte, NC",Posted13 days ago,None,Full-time
"Database Application Developer, Risk Technology",Bank of America,"Other relevant skills are tools and utility development with python, shell.
A Database-centric application developer is required to help drive the successful…","Charlotte, NC 28202 (Fourth Ward area)",Posted30+ days ago,None,Full-time
newPython Technology Lead,Infosys,"Infosys is seeking a Python Developer with experience in Big data preferred.
The position will primarily be responsible interface with key stakeholders and…","Charlotte, NC 28277 (Ballantyne West area)",Posted3 days ago,None,None
Lead Informatica Engineer,WELLS FARGO BANK,"Acting as a lead developer and providing application design, guidance, and consultation utilizing a thorough understanding of applicable technology tools and…","Charlotte, NC",Posted12 days ago,None,Full-time
DevOps Engineer,Infosys,"Infosys is seeking a DevOps Engineer who could lead responsibility for build, release and configuration processes.
This position may require travel in the US.","Charlotte, NC 28277 (Ballantyne West area)",Posted30+ days ago,None,None
Sr. Application Developer,Spectrum,"The incumbent will build moderate to complex dashboards and reporting that directly impact the consumer experience.
Experience with SQL and performance tuning.","Charlotte, NC 28202 (Downtown Charlotte area)+1 location",Posted30+ days ago,None,Full-time
Compliance Technology - Market and Trade Surveillance Lead S...,Wells Fargo,"Lead complex technology initiatives including those that are companywide with broad impact.
Act as a key participant in developing standards and companywide…","Charlotte, NC",Posted11 days ago,None,Full-time
Junior-Level SCADA and Automation Engineer,"POWER Engineers, Inc.",The successful applicant will be responsible for developing and troubleshooting supervisory control and data acquisition (SCADA) systems for utility and…,"Remote in Fort Mill, SC",Posted30+ days ago,None,None
newPrincipal Developer II,Humanity,"Coach and mentor developers by advising on writing code and technical documentation.
Responsible for providing strategic consultation in the areas of…","Charlotte, NC",Posted1 day ago,Estimated $93.1K - $118K a year,Full-time
Frontend Engineer,Theorem Geo Associates,"This is not a beginner level position, as we need someone who is experienced and ready to work.
Experience with Video On Demand Architectures.","Charlotte, NC",Posted30+ days ago,Estimated $76.4K - $96.8K a year,Full-time
Software Intelligent Quality Engineering Testing - Consultan...,Deloitte,"Acting as the integrator between the client and our Deloitte teams.
2 years of relevant consulting or industry experience.","Charlotte, NC 28202 (Downtown Charlotte area)+1 location",Posted30+ days ago,None,Full-time
DevOps Engineer (Remote Opportunity),CustomInk,We are passionate about trying new things and we follow through with 10% time and hosting regularly scheduled full-team hack-a-thons.,"Remote in Charlotte, NC",Posted30+ days ago,Estimated $113K - $143K a year,Full-time
newSenior SQL /Azure /Power BI Engineer,WELLS FARGO BANK,Wells Fargo is seeking a Senior SQL /Azure /Power BI Engineer for the Wholesale Digital and Transformational Technology Team as a part of the Corporate…,"Charlotte, NC",Posted3 days ago,None,Full-time
Software Developer III,"Moore Nanotechnology Systems, LLC","Position will leverage Microsoft SharePoint, PowerApps, Power BI, Power Automate and/or O365 resources to.
Design and implement technical solutions and analysis…","Charlotte, NC",Posted30+ days ago,Estimated $106K - $135K a year,Full-time
Lead Software Development Engineer & Mentor,"NextUp Solutions, LLC","As a mentor, you will have a tremendous impact on the future of motivated undergraduates preparing to enter the workforce.","Hybrid remote in Charlotte, NC",Posted11 days ago,Estimated $86.2K - $109K a year,Full-time +1
Full Stack Engineer,Accenture,"And you’re a clear and effective communicator both in-person and on the page.
Work with the Cloud Native Architecture Team to deliver client solutions beyond 12…","Charlotte, NC 28244 (Downtown Charlotte area)+1 location",Posted24 days ago,None,Full-time
Middleware Engineer,Bank of America,"10+ years of experience in Windows Build, Code Deployment and Windows Application troubleshooting functions.
Bachelor’s Degree in Computer Science, Information…","Charlotte, NC",Posted30+ days ago,None,Full-time
Data Modeler and Database Designer / Developer,Bank of America,A Hadoop/Impala developer with Data modeling knowledge is required to help drive the successful delivery of key technology projects in Liquidity risk.,"Charlotte, NC 28202 (Fourth Ward area)",Posted30+ days ago,None,Full-time
Senior API Developer – Backend,Citco,"HFAIT department manages the core accounting platform (Æxeo®) and data warehouse within Citco.
The platform is used by clients globally and is the first true…","Charlotte, NC 28244 (Fourth Ward area)",Posted30+ days ago,Estimated $116K - $147K a year,Full-time
Lead Software Development Engineer & Mentor,"NextUp Solutions, LLC","As a mentor, you will have a tremendous impact on the future of motivated undergraduates preparing to enter the workforce.","Hybrid remote in Charlotte, NC",Posted11 days ago,Estimated $86.2K - $109K a year,Full-time +1
Cloud Engineer,Vanguard,"Develop and build AWS cloud native stacks using Cloud Formation and development languages such as Python, NodeJS and Java.","Charlotte, NC+1 location",Posted30+ days ago,None,None
"newStaff Engineer (EUC), Advanced Research & Development - Oppo...",VMware,"Working in collaboration with our CTO, product teams, partners, and customers, you will be helping to identify, research, prototype, and evaluate future…","Charlotte, NC",Posted5 days ago,None,Full-time
"Python/Java/C++, SQL/PL Feature Lead - Risk Technology",Bank of America,Lead Software developer- This role requires an experienced software developer lead who is looking forward to work with XVA Counterparty Portfolio Management…,"Charlotte, NC 28202 (First Ward area)",Posted13 days ago,None,Full-time
Principal Reliability Lead,"Amazon Web Services, Inc.",Represent the voice for developers internally and influence our AWS Professional Services offerings and AWS product strategy for developers by working with AWS…,"Charlotte, NC",Posted19 days ago,None,Full-time
DevOps Engineer - Remote - USA,FullStack Labs,"Our client Net Promoter Score of 64, twice the industry average.
Cloud Engineering (cloud computing) experience with AWS, Azure, and/or GCP.","Remote in Charlotte, NC",Posted30+ days ago,None,Full-time
"Senior Software Engineer, iOS",Jumpcloud,"You’ll be mostly responsible for working with iOS-based clients, however, an interest and knowledge of other languages and systems is very interesting to us as…","Remote in Charlotte, NC",Posted30+ days ago,Estimated $132K - $167K a year,Full-time
newAVP - Software Engineering,Moody's Investors Service,A successful candidate will be accountable for managing the overall quality and timely delivery of application support services; improve stability &…,"Charlotte, NC",Posted3 days ago,None,Full-time
DevOps Engineer (Remote Opportunity),CustomInk,We are passionate about trying new things and we follow through with 10% time and hosting regularly scheduled full-team hack-a-thons.,"Remote in Charlotte, NC",Posted30+ days ago,Estimated $113K - $143K a year,Full-time
Python Developer,Infosys,"Infosys is seeking Python Developers with preferred experience in Big data technologies.
The position will primarily be responsible to interface with key…","Charlotte, NC 28277 (Ballantyne West area)",Posted26 days ago,None,None
Software Engineer - Micro/Private/Bare-Metal Cloud,Canonical - Jobs,Applicants should be passionate about the future of Ubuntu and be able to show technical leadership with a globally distributed team of engineers who share that…,"Remote in Charlotte, NC",Posted17 days ago,Estimated $81.5K - $103K a year,None
Full Stack Software Engineer,4Insite,"Those tools help facilities teams and service providers manage scope, coverage & quality while increasing overall communication and delivering job-specific…","Charlotte, NC",Posted30+ days ago,Estimated $100K - $127K a year,Full-time
Software Engineer - Python - Kubernetes,Canonical - Jobs,"You are a python programmer with interest or experience in golang.
On the Kubernetes team you will gain experience with the latest features in Kubernetes and…","Remote in Charlotte, NC+5 locations",Posted30+ days ago,Estimated $119K - $150K a year,None
Software Engineer - Cloud Images,Canonical - Jobs,"Your time will be split between build system development (using Python, Jenkins and shell), implementation of cloud-related features within Ubuntu Server itself…","Remote in Charlotte, NC+1 location",Posted30+ days ago,Estimated $108K - $137K a year,None
"Engineering Manager - Public Cloud, Python, Golang",Canonical - Jobs,As an engineering manager you need to bring both technical and management skills to the leadership of your team.,"Remote in Charlotte, NC",Posted23 days ago,Estimated $125K - $158K a year,None
"Full Stack Engineer, Integrations",Jumpcloud,"4+ years of industry/production programming experience.
Skilled in backend service development, ideally using Golang and/or NodeJS, or other languages (Java,…","Remote in Charlotte, NC",Posted30+ days ago,Estimated $104K - $131K a year,Full-time
"Cloud Engineer, IT Transformation - (Open to remote worker)",BAE Systems,"This role will function in BAE Systems IT Transformation organization, which reports to the VP of IT Transformation and will collaborate with BAE Systems IT…","Remote in Charlotte, NC 28277",Posted30+ days ago,None,Full-time
Software Engineer II,Windstream Communications,"This position demands a self-starter who is comfortable engaging architects, IT sponsors, business partners, and peer developers to achieve goals working across…","Charlotte, NC",Posted24 days ago,None,Full-time
Sr Software Engineer in Test - Opportunity for Working Remot...,VMware,"Design and develop test automation for different modules of the product using python / java / bash.
You will be working on automating build and release…","Temporarily Remote in Charlotte, NC+2 locations",Posted30+ days ago,None,Full-time
newDevOps Engineer,Bank of America,"This position is for a DevOps Engineer role within a diverse cross-functional team.
Collaborate with application development teams and provide operational…","Charlotte, NC 28202 (Third Ward area)+1 location",Posted6 days ago,None,Full-time
Security Software Engineer - Opportunity for Working Remotel...,VMware,"We are looking for an experienced software developer to join our team as Sr Information Security Software Engineer.
These products must perform at scale.","Remote in Charlotte, NC+1 location",Posted30+ days ago,None,Full-time
DevOps Engineer,ZM Financial Systems,"Our data, analytical solutions and insights help decision-makers identify opportunities and manage the risks of doing business with others.","Charlotte, NC",Posted30+ days ago,Estimated $108K - $136K a year,Full-time
Cloud Engineer,Ally Financial,"Partners with cloud engineers, information security, core infrastructure teams and application developers to enable agility through best-in-class automation and…","Charlotte, NC+2 locations",Posted30+ days ago,None,Full-time
Full-Stack Software Engineer,WELLS FARGO BANK,Wells Fargo is seeking a Full Stack Software Engineer Resource to work within an agile engineering team supporting technology solutions development across…,"Charlotte, NC+3 locations",Posted9 days ago,None,Full-time
Middleware Engineer - Core Technology Infrastructure,Bank of America,"The Middleware Engineer will lead end-to-end and administration duties for critical banking platforms, delivering middleware infrastructure for enterprise…","Charlotte, NC 28202 (Third Ward area)",Posted30+ days ago,None,Full-time
"AVP, Software Engineering (.NET)",LPL Financial,"You will be implementing reusable secure design patterns for multi-channel applications including mobile and voice, capable of operating at cloud scale, along…","Remote in Fort Mill, SC 29715",Posted11 days ago,None,None
"Cloud Engineer - (Remote) - Charlotte, NC area ONLY",Fidelity Investments,"You’ll have full access to virtual training and learning opportunities, plus dynamic working resources to help you stay connected.","Charlotte, NC 28277 (Piper Glen Estates area)",Posted30+ days ago,None,Full-time
Principal Reliability Lead,"Amazon Web Services, Inc.",Represent the voice for developers internally and influence our AWS Professional Services offerings and AWS product strategy for developers by working with AWS…,"Charlotte, NC",Posted19 days ago,None,Full-time
Full Stack Software Engineer,4Insite,"Those tools help facilities teams and service providers manage scope, coverage & quality while increasing overall communication and delivering job-specific…","Charlotte, NC",Posted30+ days ago,Estimated $100K - $127K a year,Full-time
Cloud Engineer - GCP/Azure,WELLS FARGO BANK,"This role will work with an Agile process to take stories from the backlog and deliver for our customers.
This role will be focused on components within the…","Charlotte, NC+1 location",Posted12 days ago,None,Full-time
Software Engineer w/AWS,ZM Financial Systems,"Lead and provide technical leadership to architects, developers, engineers, and operators in geographically dispersed location.","Charlotte, NC+1 location",Posted30+ days ago,Estimated $112K - $141K a year,Full-time
Machine Learning Engineer,Microsoft,The goal of the Microsoft Cloud Data Sciences (MCDS) team is to foster a data-driven culture; to encourage and enable the entire organization to make more…,"Charlotte, NC",Posted30+ days ago,None,Full-time
Converge - Machine Learning Engineer,Deloitte,Work with the DecisionEQ Product Manager and Product Owner to understand market needs and determine how machine learning and broader data science techniques…,"Charlotte, NC 28202 (Downtown Charlotte area)",Posted30+ days ago,None,Full-time
Cloud Software Developer,Accenture,"The team has senior developers that will continuously be involved in coaching and technical mentoring.
Team members regularly speak at industry wide conferences…","Charlotte, NC 28244 (Downtown Charlotte area)",Posted30+ days ago,None,Full-time
DevOps Consultant,Deloitte,"Design, implement, and manage DevOps capabilities in cloud offerings using CI/CD toolsets and automation.
Ensure DevOps systems we build are robust in the sense…","Charlotte, NC 28202 (Downtown Charlotte area)+5 locations",Posted30+ days ago,None,Full-time
Senior Software Engineer,"Epiq Systems, Inc.","Proactively mentor fellow developers in areas of expertise.
Collaborate with fellow developers in areas of expertise as well as members of business unit.","Charlotte, NC",Posted30+ days ago,Estimated $106K - $134K a year,Full-time
newLead Software Engineer,WELLS FARGO BANK,"Lead complex technology initiatives including those that are companywide with broad impact.
Act as a key participant in developing standards and companywide…","Charlotte, NC+5 locations",Posted4 days ago,None,Full-time
"Staff Engineer - Opportunity for Working Remotely Charlotte,...",VMware,"As the Staff Engineer you will drive the team to translate this vision into a scalable, carrier grade, NFV, Telco Cloud and edge computing solution to address…","Remote in Charlotte, NC+2 locations",Posted30+ days ago,None,Full-time
Cloud DevOps Engineer,Citco,"As a Cloud DevOps Engineer, you will be working as part of a cross-functional team and will be responsible for designing and implementing re-usable frameworks,…","Charlotte, NC 28244 (Fourth Ward area)",Posted27 days ago,Estimated $107K - $136K a year,Full-time
Sr Software Engineer - Enterprise Visualization and Analysis...,Lowe's,"JS, D3. JS, Containerization (Docker), and platform process automation.
The primary purpose of this role is to translate business requirements and functional…","Charlotte, NC 28202 (Downtown Charlotte area)+1 location",Posted30+ days ago,None,Full-time
Software Engineer - Advanced,Siemens,"Proven track record of leading small teams of developers as a team-leader/senior-developer.
Self-directed work on projects with latitude for independent…","Charlotte, NC+1 location",Posted30+ days ago,None,Full-time
Senior Cloud Engineer,LPL Financial,This Engineer will possess technical expertise and engineering skill which allows her/him to be grow into a leading subject matter expert for both Investor and…,"Fort Mill, SC 29715",Posted12 days ago,None,None
Software Engineer III,Bank of America,This role is expected to contribute to the foundational design of NFRR Platform roadmap and develop core (re-usable) framework components spanning the full…,"Charlotte, NC 28202 (Third Ward area)+8 locations",Posted30+ days ago,None,Full-time
Ubuntu Desktop Software Engineer,Canonical - Jobs,"Candidates should have engineering experience with two or more of Ubuntu Desktop, Flutter, Dart, GNOME, GTK, Python, Go, C, Debian or Snap packaging.","Remote in Charlotte, NC",Posted30+ days ago,Estimated $106K - $134K a year,None
Senior Backend Software Engineer - Siemens Comfy | Enlighted...,Siemens,"Experience with Django, Flask, FastAPI, or similar python web frameworks.
We're building systems that integrate IoT, real-time data and web/mobile apps and we…","Remote in Charlotte, NC",Posted26 days ago,None,Full-time
Threat Researcher - Offensive R&D - Opportunity for Working...,VMware,"VMware Carbon Black, the leader in advanced threat protection, is seeking a Threat Researcher to join its Threat Analysis Unit (TAU).","Remote in Charlotte, NC",Posted30+ days ago,None,Full-time
Staff DevOps Engineer - REMOTE,Snap One,"This position will work closely with other Product Cloud Engineers; including, development, product, marketing, QA and tech support teams to deliver highly…","Remote in Charlotte, NC 28273",Posted30+ days ago,Estimated $112K - $141K a year,Full-time
Senior Software Engineer,Ally Financial,"Seeking an innovative and passionate AWS API Developer with strong technical ability, communication, and collaboration skills to build and support Enterprise…","Charlotte, NC 28202 (Downtown Charlotte area)+1 location",Posted30 days ago,None,Full-time
"Application Delivery Architect, Core Technology Organization",Bank of America,"The Application Delivery Architect is a technical visionary who’ll align technology capabilities with business requirements, define architectures, develop…","Charlotte, NC",Posted30+ days ago,None,Full-time
"Senior Backend Engineer, Edge",Jumpcloud,JumpCloud is focused on delivering cloud-based directory services requiring ensuring our service is highly available and highly reliable.,"Remote in Charlotte, NC",Posted30 days ago,Estimated $126K - $159K a year,Full-time
"Senior Software Engineer, iOS",Jumpcloud,"You’ll be mostly responsible for working with iOS-based clients, however, an interest and knowledge of other languages and systems is very interesting to us as…","Remote in Charlotte, NC",Posted30+ days ago,Estimated $132K - $167K a year,Full-time
Lead Software Engineer - Big Data,Lowe's,Lowe's Data Analytics and Computational Intelligence (DACI) organization is seeking a best-in-class Lead Software Engineer preferably with experience leading…,"Charlotte, NC 28202 (Downtown Charlotte area)+1 location",Posted30+ days ago,None,Full-time
newSoftware Engineer 1,Honeywell,"Be part of a team that designs, develops and integrates highly complex software functions within Honeywell [SBG].
Write well-designed, testable code.","Fort Mill, SC 29707",Posted4 days ago,None,None
"Software Engineer, Full Stack",Movement Mortgage,"Our team is building digital ecosystems used by thousands of loan originators, realtors and borrowers designed to increase customer acquisition, improve…","Indian Land, SC 29707",Posted30+ days ago,Estimated $89.6K - $113K a year,Full-time
newSite Reliability Engineer - Front End - Remote,Kraken Digital Asset Exchange,"You will bring your own technical expertise to monitor and support staging and production environments, build tooling, CI/CD pipelines, deployment specs and…","Remote in Charlotte, NC",Posted2 days ago,Estimated $110K - $139K a year,Full-time
React + Python Developer - Remote - USA,FullStack Labs,"We're looking to hire several mid-level and senior full-stack React + Python developers to join our team.
Sustained growth of 100% - 200% per year.","Remote in Charlotte, NC",Posted30+ days ago,None,Full-time
newDevOps Engineer,Moody's Investors Service,"The ideal candidate will be a highly motivated individual with a focus on scripting, automation, continuous integration and deployment.","Charlotte, NC",Posted3 days ago,None,Full-time
Software Engineer II,C.H. Robinson,"As a Software Engineer on our Contractual team at CH Robinson, you will collaborate with our data science teams in upstream R&D projects, perform functional…","Charlotte, NC 28273 (Olde Whitehall area)",Posted30+ days ago,None,None
DevOps Cloud Architect - NBI_US,Deloitte,"Developing templates or scripts to automate everyday developer or operations functions.
The position will be focused on supporting Deloitte GPS (Government and…","Charlotte, NC 28202 (Downtown Charlotte area)+1 location",Posted30+ days ago,None,Full-time
newAVP - Software Engineering,Moody's Investors Service,A successful candidate will be accountable for managing the overall quality and timely delivery of application support services; improve stability &…,"Charlotte, NC+1 location",Posted3 days ago,None,Full-time
Senior Engineer,Bank of America,"As a Senior Engineer, the candidate will be responsible for leading and providing technical oversight for multiple teams working on Insights and Personalization…","Charlotte, NC 28202 (Third Ward area)",Posted11 days ago,None,Full-time
newSr. Systems Engineering (DevOps),Moody's,Help cultivate a developer-centric atmosphere by identifying and lowering hurdles which get in the way of efficient and enjoyable coding practices.,"Charlotte, NC 28201 (Myers Park area)",Posted4 days ago,None,None
Site Reliability Engineer for Infra,Deloitte,"Proficient as a developer, experienced writing code and solving problems in Python.
As an experienced Site Reliability Engineer -Infra, you will have the…","Charlotte, NC 28202 (Downtown Charlotte area)+2 locations",Posted14 days ago,None,Full-time
Lead Software Engineer,Deloitte,"Teams do this by bringing together advanced analytics, robust domain knowledge and experience, and strong technology products to help clients monitor, manage,…","Charlotte, NC 28202 (Downtown Charlotte area)",Posted30+ days ago,None,Full-time
Senior Java Software Engineer - VMware Skyline - Opportunity...,VMware,"Develop on-premise virtual appliance components in java, bash/shell, python.
Our software includes on-premise data collection along with a backend data services…","Charlotte, NC+1 location",Posted30+ days ago,None,Full-time
Google Cloud Platform Developer,Deloitte,Educate customers of all sizes on the value proposition of Public Cloud and participate in deep architectural discussions to ensure solutions are designed for…,"Charlotte, NC 28202 (Downtown Charlotte area)+16 locations",Posted30+ days ago,None,Full-time
Lead Engineer-Kubernetes,Verizon,"The individual will Architect, Engineer, and implement an enterprise wide Kubernetes platform to implement simple/automated Cloud adoption to containers…","Charlotte, NC 28273 (Olde Whitehall area)",Posted23 days ago,None,Full-time
"Software Engineering, AVP - Hybrid",MUFG,"Working on any IB&M initiative requiring the assistance of the developer.
Interacting closely with project managers, internal constituents, and external vendors…","Hybrid remote in Charlotte, NC",Posted30+ days ago,None,Full-time
newSite Reliability Engineer,WELLS FARGO BANK,"Wells Fargo is seeking a Senior Systems Operations Engineer.
Within the CLT (Consumer Lending Technology) Personal Lending Technology Platform support Group…","Charlotte, NC",Posted3 days ago,None,Full-time
AVP Database Developer,ZM Financial Systems,"5+ years of experience working as a database developer and/or DBA using SQL Server 2012 and higher.
Our data, analytical solutions and insights help decision…","Charlotte, NC",Posted30+ days ago,Estimated $124K - $157K a year,Full-time
newSenior Software Developer,"Arrow Electronics, Inc.","Consistently develop and test software programs and applications according to specifications.
Assist in the definition, development, and documentation of…","Remote in Charlotte, NC 28262",Posted5 days ago,None,Full-time
"newSenior Software Engineer, Fullstack - Opportunity for Workin...",VMware,"We work at the forefront of these new feature offerings, partnering with customers and our SEBU engineering team to develop early prototypes and new product…","Remote in Charlotte, NC+1 location",Posted5 days ago,None,Full-time
CRR & FCM Software Engineer III,Truist Financial,"If you have a disability and need assistance with the application, you can request a reasonable accommodation.
1st shift (United States of America).","Remote in Charlotte, NC 28269+1 location",Posted25 days ago,None,Full-time
Senior Software Engineer (Open Source Program) - Remote,New Relic,"New Relic’s Open Source Program Office was established to scale efforts in using, delivering, contributing to, and participating in open source.","Remote in Charlotte, NC 28201+2 locations",Posted17 days ago,Estimated $116K - $147K a year,Full-time
newRuby on Rails Full Stack Engineer (remote),Ascend Learning,"Maintain an active testing suite as well as a strong QA process that the developer will be personally responsible for.
5+ Years of development experience.","Remote in Charlotte, NC 28208",Posted4 days ago,Estimated $121K - $153K a year,Full-time
Senior Cloud Engineer,Ellucian,"Deliver support and automation in such a way as to focus on migrating Banner customers to Ellucian Managed Cloud.
Experience implementing CI/CD (e.g., Jenkins).","Remote in Charlotte, NC",Posted13 days ago,Estimated $118K - $149K a year,Full-time
Member of Technical Staff - Opportunity for Working Remotely...,VMware,Join a talented team of developers using a wide variety of latest cloud technologies to solve big problems while partnering with threat researchers who are on…,"Remote in Charlotte, NC",Posted30+ days ago,None,Full-time
newDevOps Engineer – REMOTE USA,Mandiant,"The successful candidate will work on requirements gathering, design and development of software components, support existing customers and automation.","Remote in Charlotte, NC",Posted5 days ago,None,None
SCADA and Automation Engineer - Senior Level (REMOTE),"POWER Engineers, Inc.",The successful candidate will be responsible for the successful completion of assigned projects and for maintaining and improving client relationships as well…,"Remote in Fort Mill, SC+1 location",Posted18 days ago,None,None
NSX - Service Reliability Engineer - Opportunity for Working...,VMware,"Coordinates activities with Account team from Sales, Engineering, Solution Architects and Global Support Services to ensure all customer needs are met.","Remote in Charlotte, NC",Posted30+ days ago,None,Full-time
Sr. Security Engineer - Opportunity for Working Remotely Cha...,VMware,"We, also, have a good presence of technical product managers, full stack developers, and security architects.
Within 90 days, you'll show competency in handling…","Remote in Charlotte, NC+1 location",Posted30+ days ago,None,Full-time
newSite Reliability Engineer (Remote),Xplor,"Our mission is to protect and provide for the software and systems behind Xplor’s services with an ever-watchful eye on their availability, latency, performance…","Remote in Charlotte, NC",Posted5 days ago,None,Full-time
Lead Software Engineer – QE (Quality Engineer),Lowe's,The primary purpose of this role is to provide consultation and technical direction on translating business requirements and functional specifications into…,"Charlotte, NC 28202 (Downtown Charlotte area)",Posted30+ days ago,None,Full-time
Staff Engineer - Developer Productivity - Opportunity for Wo...,VMware,VMware's Cloud-based Disaster Recovery (VCDR) offers an easy-to-use SaaS solution to provide DR capability for vSphere-based Software Defined Data Centers (SDDC…,"Remote in Charlotte, NC",Posted30+ days ago,None,Full-time
DevOps / Systems Engineer - Kubernetes - US Citizen,Salesforce,"""U.S. citizen (U.S. born or naturalized) who does not hold dual citizenship.
You will understand and apply a wide variety of concepts, practices, and procedures…","Charlotte, NC",Posted30+ days ago,None,"$98,900 a year"
"Director, Cyber Security - Cloud, DevOps, HashiCorp",KPMG,"Deliver leading practices for HashiCorp Vault/Terraform/Consul deployments and operations.
Work with clients and project teams to assess, design, implement, and…","Charlotte, NC 28202 (Fourth Ward area)",Posted30+ days ago,None,None
Sr. Modernization Architect,"Amazon Web Services, Inc.","BS level technical degree or 10+ years of relevant professional or military experience.
7+ years of large-scale software development or application engineering…","Charlotte, NC",Posted30+ days ago,None,Full-time
Sr. Member Of Technical Staff - Opportunity for Working Remo...,VMware,"Deliver product features in a highly-scalable microservice environment, implemented on AWS.
Work with technical architects and technical leaders to deliver high…","Remote in Charlotte, NC",Posted30+ days ago,None,Full-time
"Senior, Software Dev Engrg",3D Systems,"Be a production and operations domain expert to the development teams, guiding and advising on how to best implement services, serve our customers, and iterate…","Rock Hill, SC 29730+1 location",Posted10 days ago,Estimated $108K - $137K a year,None
newSenior Software Developer,"Arrow Electronics, Inc.","Consistently develop and test software programs and applications according to specifications.
Assist in the definition, development, and documentation of…","Remote in Charlotte, NC 28262",Posted5 days ago,None,Full-time
Sr. Member Of Technical Staff - Opportunity for Working Remo...,VMware,"Deliver product features in a highly-scalable microservice environment, implemented on AWS.
Work with technical architects and technical leaders to deliver high…","Remote in Charlotte, NC",Posted30+ days ago,None,Full-time
Cloud Engineer,Ally Financial,"Partners with cloud engineers, information security, core infrastructure teams and application developers to enable agility through best-in-class automation and…","Charlotte, NC+2 locations",Posted30+ days ago,None,Full-time
Senior Software Engineer (Open Source Program) - Remote,New Relic,"New Relic’s Open Source Program Office was established to scale efforts in using, delivering, contributing to, and participating in open source.","Remote in Charlotte, NC 28201+2 locations",Posted17 days ago,Estimated $116K - $147K a year,Full-time
"Principal Software Engineer, Data",Ally Financial,"Ability to provide guidance, oversight, and peer review to more junior database developers.
Provide technical leadership and support on all the stages of data…","Remote in Charlotte, NC 28202+2 locations",Posted30+ days ago,None,Full-time
AVP Database Developer,ZM Financial Systems,"5+ years of experience working as a database developer and/or DBA using SQL Server 2012 and higher.
Our data, analytical solutions and insights help decision…","Charlotte, NC",Posted30+ days ago,Estimated $124K - $157K a year,Full-time
Lead Informatica Engineer,WELLS FARGO BANK,"Acting as a lead developer and providing application design, guidance, and consultation utilizing a thorough understanding of applicable technology tools and…","Charlotte, NC",Posted12 days ago,None,Full-time
newSenior Software Engineer,Deloitte,"At Human Experiences (Hux) by Deloitte Digital, we aim at delivering elevated human experience by re-inventing digital advertising & marketing, powered by data,…","Charlotte, NC 28202 (Downtown Charlotte area)+1 location",Posted7 days ago,None,Full-time
Software Engineer II,C.H. Robinson,"As a Software Engineer on our Contractual team at CH Robinson, you will collaborate with our data science teams in upstream R&D projects, perform functional…","Charlotte, NC 28273 (Olde Whitehall area)",Posted30+ days ago,None,None
"newSenior Software Engineer, Fullstack - Opportunity for Workin...",VMware,"We work at the forefront of these new feature offerings, partnering with customers and our SEBU engineering team to develop early prototypes and new product…","Remote in Charlotte, NC+1 location",Posted5 days ago,None,Full-time
Lead Software Engineer - Remote,EPAM Systems,"You enjoy living by the code of your craft and developing elegant solutions for complex problems.
Takes ownership and accountability for technology solution and…","Remote in Charlotte, NC",Posted30+ days ago,None,None
DevOps Cloud Architect - NBI_US,Deloitte,"Developing templates or scripts to automate everyday developer or operations functions.
The position will be focused on supporting Deloitte GPS (Government and…","Charlotte, NC 28202 (Downtown Charlotte area)+1 location",Posted30+ days ago,None,Full-time
Senior Firmware Engineer,Sealed Air Corporation,We seek firmware developers to design innovative packaging equipment and user-oriented electrical controls using their unique creativity and extensive embedded…,"Charlotte, NC 28208 (Eagle Lake area)",Posted17 days ago,Estimated $107K - $136K a year,None
Backend Data Engineer,Chingari,"5-7 years of strong design/development experience in building massively large scale, high throughput low latency distributed internet systems and products.","Remote in Charlotte, NC",Posted30+ days ago,Estimated $128K - $162K a year,None
Lead Engineer-Kubernetes,Verizon,"The individual will Architect, Engineer, and implement an enterprise wide Kubernetes platform to implement simple/automated Cloud adoption to containers…","Charlotte, NC 28273 (Olde Whitehall area)",Posted23 days ago,None,Full-time
Senior Software Engineer - Identity & Access Management (US...,Splunk,We are seeking a Senior Software Engineer with proven experience in digital identity governance and access control to join us on the journey of modernizing and…,"Remote in Charlotte, NC",Posted30+ days ago,None,"$115,000 a year"
Software Engineer/Full-Stack Developer,Truist Financial,"If you have a disability and need assistance with the application, you can request a reasonable accommodation.
1st shift (United States of America).","Remote in Charlotte, NC 28269+2 locations",Posted30+ days ago,None,Full-time
Principal Software Engineer - REMOTE - Location Negotiable,Accenture,"Accenture Security helps organizations prepare, protect, detect, respond and recover along all points of the security lifecycle.","Remote in Charlotte, NC 28244",Posted30+ days ago,None,Full-time
newSENIOR MIDDLEWARE ENGINEER- CLT/REMOTE,Compass Group USA,Understanding the existing middleware environment and setting up the next-generation end-to-end infrastructure using AWS cloud and micro services.,"Remote in Charlotte, NC 28217",Posted6 days ago,None,None
Senior Performance Test Engineer - Opportunity for Working R...,VMware,"Partner with other performance engineers and developers to develop best practices, author blogs and white papers, and present internally, at conferences, and…","Remote in Charlotte, NC+1 location",Posted30+ days ago,None,Full-time
"Prof. Services Architect, DevOps & Observability",Splunk,"Ability to stop, collaborate and listen with technical and non-technical consumers from application developers to executive level partners.","Charlotte, NC",Posted30+ days ago,None,"$115,000 a year"
Kernel Engineer - Ubuntu Linux,Canonical - Jobs,"Enabling Ubuntu on a wide range of embedded systems.
Livepatch service, which allows Ubuntu customers to apply critical kernel (CVE) security fixes without…","Remote in Charlotte, NC+2 locations",Posted16 days ago,Estimated $109K - $138K a year,None
Web Performance Engineer,Vanguard,"Driven by core tenets of modern marketing – agile marketing, digital experience, Big Data, customer-centricity, compelling content, and marketing automation –…","Charlotte, NC",Posted30+ days ago,None,None
Senior Site Reliability Database Engineer,Credit Karma,The Site Reliability Database Engineering team is responsible for the persistent data tier and the infrastructure that ensure the availability and reliability…,"Charlotte, NC 28277 (Ballantyne East area)+1 location",Posted23 days ago,Estimated $113K - $143K a year,None
Site Reliability Engineer,Grid Dynamics,"You will work with business partners to define SLOs and SLIs.
Monitoring the job failure email and addressing them in a timely manner.","Charlotte, NC 28262 (University City North area)",Posted30+ days ago,Estimated $108K - $137K a year,Full-time
C++ / Middleware Tech Lead for Merchant Technology,Bank of America,"The candidate is expected to take initiatives in new project development and lead in all aspects of the SDLC process.
DOM/SAX-implementation using C++.","Charlotte, NC 28202 (Third Ward area)",Posted30+ days ago,None,Full-time
DevOps / Infrastructure Engineer - Comfy | Enlighted Job Opp...,Siemens,"Headquartered in Oakland, California, with expertise in machine learning, UX design and enterprise service, Comfy develops software solutions for everyone —…","Remote in Charlotte, NC 28277",Posted30+ days ago,None,Full-time
"Manager, Site Reliability Engineering",Intelerad,"The SRE team is a blend of pragmatic operators and software craftspeople that apply sound engineering principles, operational discipline, and mature automation…","Remote in Charlotte, NC",Posted30+ days ago,None,Full-time
Software Engineering Manager - Ubuntu Linux Kernel,Canonical - Jobs,"These teams handle upstream development and the expression of new kernel capabilities in Ubuntu, they work with silicon and cloud partners to optimise the…","Remote in Charlotte, NC+1 location",Posted16 days ago,Estimated $128K - $162K a year,None
Senior Solutions Architect (Tanzu Observability by Wavefront...,VMware,"Tanzu Observability by Wavefront (SaaS based offering) a core component of VMware’s leading-edge Modern Apps Platform BU is looking for a seasoned, highly…","Remote in Charlotte, NC",Posted30+ days ago,None,Full-time
CRR & FCM Software Engineer III,Truist Financial,"If you have a disability and need assistance with the application, you can request a reasonable accommodation.
1st shift (United States of America).","Remote in Charlotte, NC 28269",Posted25 days ago,None,Full-time
Senior QA Automation Engineer,Deloitte,"Supporting and independently completing test orchestration across the SDLC which will require problem solving using analysis, experience, and decision making.","Charlotte, NC 28202 (Downtown Charlotte area)",Posted30+ days ago,None,Full-time
Senior Software Engineer,"Epiq Systems, Inc.","Proactively mentor fellow developers in areas of expertise.
Collaborate with fellow developers in areas of expertise as well as members of business unit.","Charlotte, NC",Posted30+ days ago,Estimated $106K - $134K a year,Full-time
Senior Linux Test Automation Engineer - Opportunity for Work...,VMware,"Collaborate with developers to find and fix bugs in the source code of our products.
The Carbon Black Cloud team is looking for a Senior or Principal level…","Remote in Charlotte, NC",Posted30+ days ago,None,Full-time
Software Engineering Manager - Ubuntu Linux Kernel,Canonical - Jobs,"These teams handle upstream development and the expression of new kernel capabilities in Ubuntu, they work with silicon and cloud partners to optimise the…","Remote in Charlotte, NC+1 location",Posted16 days ago,Estimated $128K - $162K a year,None
Principal Software Engineer - REMOTE - Location Negotiable,Accenture,"Accenture Security helps organizations prepare, protect, detect, respond and recover along all points of the security lifecycle.","Remote in Charlotte, NC 28244",Posted30+ days ago,None,Full-time
Senior Solutions Architect (Tanzu Observability by Wavefront...,VMware,"Tanzu Observability by Wavefront (SaaS based offering) a core component of VMware’s leading-edge Modern Apps Platform BU is looking for a seasoned, highly…","Remote in Charlotte, NC",Posted30+ days ago,None,Full-time
"Software Engineering, AVP - Hybrid",MUFG,"Working on any IB&M initiative requiring the assistance of the developer.
Interacting closely with project managers, internal constituents, and external vendors…","Hybrid remote in Charlotte, NC",Posted30+ days ago,None,Full-time
DevOps Cloud Architect - NBI_US,Deloitte,"Developing templates or scripts to automate everyday developer or operations functions.
The position will be focused on supporting Deloitte GPS (Government and…","Charlotte, NC 28202 (Downtown Charlotte area)+1 location",Posted30+ days ago,None,Full-time
US Tech - DevOps Lead,PRICE WATERHOUSE COOPERS,"You’ll focus on managing the design and implementation of technology infrastructure within PwC, developing and enhancing both client and internal facing…","Remote in Charlotte, NC 28202",Posted30+ days ago,None,None
newSenior Software Developer,"Arrow Electronics, Inc.","Consistently develop and test software programs and applications according to specifications.
Assist in the definition, development, and documentation of…","Remote in Charlotte, NC 28262",Posted5 days ago,None,Full-time
Senior Firmware Engineer,Sealed Air Corporation,We seek firmware developers to design innovative packaging equipment and user-oriented electrical controls using their unique creativity and extensive embedded…,"Charlotte, NC 28208 (Eagle Lake area)",Posted17 days ago,Estimated $107K - $136K a year,None
Sr. Member Of Technical Staff - Opportunity for Working Remo...,VMware,"Deliver product features in a highly-scalable microservice environment, implemented on AWS.
Work with technical architects and technical leaders to deliver high…","Remote in Charlotte, NC",Posted30+ days ago,None,Full-time
Principal Full Stack Software Engineer - Siemens Comfy | Enl...,Siemens,"You'll be part of the brain-trust that our engineering and product leadership will rely on to advise us on what's possible, what's sensible, and what's simple.","Remote in Charlotte, NC+1 location",Posted23 days ago,None,Full-time
"Machine Learning Engineer, Alexa AI - Conversational Experie...",Amazon.com Services LLC,"1+ years of experience contributing to the system design or architecture (architecture, design patterns, reliability and scaling) of new and current systems.","Charlotte, NC",Posted30+ days ago,None,Full-time
Staff Site Reliability Engineer (Kubernetes) - Opportunity f...,VMware,"Identifying opportunities to improve efficiency of our CI/CD pipeline and optimize developer productivity.
Knowledge and interest in cloud native security will…","Remote in Charlotte, NC+1 location",Posted30+ days ago,None,Full-time
DevOps Engineer,Ally Financial,"You’ll work with customers, developers, architects and operations teams to troubleshoot and solve complex technical issues in a timely manner.","Charlotte, NC",Posted30+ days ago,None,Full-time
Senior Reliability Lead,"Amazon Web Services, Inc.",Represent the voice for developers internally and influence our AWS Professional Services offerings and AWS product strategy for developers by working with AWS…,"Charlotte, NC",Posted19 days ago,None,Full-time
Site Reliability Engineer,Accenture,Collaborating with developers to promote the concept of reliability engineering during all phases of the SDLC to detect and correct performance issues earlier…,"Charlotte, NC 28244 (Downtown Charlotte area)",Posted30+ days ago,None,Full-time
Sr. Security DevOps Engineer,Corning,Bachelor's degree; 4-6 years of experience as a systems developer -Additional years of relevant experience may be considered in lieu of Bachelor's degree.,"Charlotte, NC 28216 (Oakdale South area)+1 location",Posted27 days ago,None,None
"Manager, Software Engineer (Dev Ops)",KPMG,Experience evangelizing OpenShift and DevOps with development teams who may not be familiar with containers; deep knowledge of Kubernetes and Linux…,"Charlotte, NC 28202 (Fourth Ward area)",Posted30+ days ago,None,None
Data Scientist/Machine Learning Engineer - Sr. Associate,PRICE WATERHOUSE COOPERS,"Possesses considerable level of ability to work as a solutions architect, technical product manager, software engineer or frontend/backend web developer for…","Remote in Charlotte, NC 28202",Posted30+ days ago,None,None
"Manager, Site Reliability Engineering",Intelerad,"The SRE team is a blend of pragmatic operators and software craftspeople that apply sound engineering principles, operational discipline, and mature automation…","Remote in Charlotte, NC",Posted30+ days ago,None,Full-time
"Prof. Services Architect, DevOps & Observability",Splunk,"Ability to stop, collaborate and listen with technical and non-technical consumers from application developers to executive level partners.","Charlotte, NC",Posted30+ days ago,None,"$115,000 a year"
Senior Cloud Engineer,Ellucian,"Deliver support and automation in such a way as to focus on migrating Banner customers to Ellucian Managed Cloud.
Experience implementing CI/CD (e.g., Jenkins).","Remote in Charlotte, NC",Posted13 days ago,Estimated $118K - $149K a year,Full-time
Senior Mobile Developer - Tech Lead,PRICE WATERHOUSE COOPERS,"Working collaboratively with other developers, including participating in code reviews;
Our team helps organisations align their business and operational…","Remote in Charlotte, NC 28202",Posted30+ days ago,None,None
Senior DevOps Architect,"Amazon Web Services, Inc.","Bachelor Degree or 10+ years of professional or military experience.
8+ years of experience as a technical specialist.","Charlotte, NC",Posted30+ days ago,None,Full-time
Senior Application Engineer - Frontend Technologies,Vanguard,"Collaborate with product owners, UX designers, data analysts, scrum masters, and developers to develop a world-class user experience.","Charlotte, NC",Posted30+ days ago,None,None
Tax - DevOps - Senior - TTC,Deloitte,"You will be working directly with the Application Architect in evaluating new tools, technologies, and processes to improve speed, efficiency, and scalability…","Charlotte, NC 28202 (Downtown Charlotte area)",Posted30+ days ago,None,Full-time
AVP - AWS Developer,ZM Financial Systems,"Lead and provide technical leadership to architects, developers, engineers, and operators in geographically dispersed location.","Charlotte, NC",Posted30+ days ago,Estimated $107K - $136K a year,Full-time
Digital Products - Front End Developer - Sr Associate,PRICE WATERHOUSE COOPERS,A career in Products and Technology is an opportunity to bring PwC's strategy to life by driving products and technology into everything we deliver.,"Charlotte, NC 28202 (Fourth Ward area)+1 location",Posted8 days ago,None,None
Site Reliability Engineer,Advance Auto Parts,"We are an Equal Opportunity Employer and do not discriminate against any employee or applicant for employment because of race, color, sex, age national origin,…","Charlotte, NC 28202 (Downtown Charlotte area)",Posted30 days ago,None,Full-time
Backend Data Engineer,Chingari,"5-7 years of strong design/development experience in building massively large scale, high throughput low latency distributed internet systems and products.","Remote in Charlotte, NC",Posted30+ days ago,Estimated $128K - $162K a year,None
US Tech - DevOps Lead,PRICE WATERHOUSE COOPERS,"A career in Information Technology, within Internal Firm Services, will provide you with the opportunity to support our core business functions by deploying…","Remote in Charlotte, NC 28202",Posted30+ days ago,None,None
Principal Backend Software Engineer - Siemens Comfy | Enligh...,Siemens,"Will considered Remote workers in one of Siemens' Hub Cities.
Building Robotics, Inc. (BRI) is a Siemens-owned business on a mission to connect employees to the…","Remote in Charlotte, NC",Posted30+ days ago,None,Full-time
"Machine Learning Engineer, Alexa AI - Conversational Experie...",Amazon.com Services LLC,"1+ years of experience contributing to the system design or architecture (architecture, design patterns, reliability and scaling) of new and current systems.","Charlotte, NC",Posted30+ days ago,None,Full-time
NIS - Senior Sailpoint Developer (Remote),PRICE WATERHOUSE COOPERS,"A career in Information Security, within Internal Firm Services, will provide you with the opportunity to develop and support our internal security technologies…","Remote in Charlotte, NC 28202",Posted30+ days ago,None,None
Senior Mobile Developer - Tech Lead,PRICE WATERHOUSE COOPERS,"Working collaboratively with other developers, including participating in code reviews;
A career in our Digital and Applications Design practice, within…","Remote in Charlotte, NC 28202",Posted30+ days ago,None,None
Tax - DevOps - Senior - TTC,Deloitte,The role of technology in tax functions has grown exponentially in importance as resource needs change and tax regulations become more rigorous.,"Charlotte, NC 28202 (Downtown Charlotte area)",Posted30+ days ago,None,Full-time
Sr. Security DevOps Engineer,Corning,Bachelor's degree; 4-6 years of experience as a systems developer -Additional years of relevant experience may be considered in lieu of Bachelor's degree.,"Charlotte, NC 28216 (Oakdale South area)+1 location",Posted27 days ago,None,None
Digital Products - Devops Manager,PRICE WATERHOUSE COOPERS,"Background as a developer a strong plus;
At PwC, we expect our DevOps engineers to work side-by-side with our software developers and solution architects to…","Remote in Charlotte, NC 28202+1 location",Posted30+ days ago,None,None
API Engineer,Ally Financial,"601 S. Tryon Street, Charlotte, NC.
Ally Financial only succeeds when its people do - and that’s more than some cliché people put on job postings.","Charlotte, NC 28202 (Downtown Charlotte area)+1 location",Posted30+ days ago,None,Full-time
Data Scientist/Machine Learning Engineer - Sr. Associate,PRICE WATERHOUSE COOPERS,"Possesses considerable level of ability to work as a solutions architect, technical product manager, software engineer or frontend/backend web developer for…","Remote in Charlotte, NC 28202",Posted30+ days ago,None,None
"Manager, DevOps",Sunbelt Rentals,"Sunbelt Rentals strives to be the customer's first choice in the equipment rental industry.
From pumps to scaffolding to general construction tools, we aim to…","Fort Mill, SC 29715",Posted30+ days ago,None,Full-time
Digital Products - Site Reliability Engineer (SRE - DBaaS),PRICE WATERHOUSE COOPERS,A career in Products and Technology is an opportunity to bring PwC's strategy to life by driving products and technology into everything we deliver.,"Remote in Charlotte, NC 28202",Posted30+ days ago,None,None
Engineering Manager - Software Operator Tech (Python/Kuberne...,Canonical - Jobs,"You have experience in leading, managing, coaching and mentoring software developers towards delivering timely, high quality software together with them.","Remote in Charlotte, NC+2 locations",Posted30+ days ago,Estimated $122K - $155K a year,None
"Sr. Associate, Cyber Security - Cloud, DevOps Engineer",KPMG,"Deliver leading practices for HashiCorp Vault/Terraform/Consul deployments and operations.
Work with clients and project teams to assess, design, implement, and…","Charlotte, NC 28202 (Fourth Ward area)",Posted30+ days ago,None,None
"newSenior Manager, Software Engineering",Carrier,"Ability to mentor junior software developers, as well as to collaborate with all stakeholders.
The selected individual should possess broad experience in the…","Charlotte, NC 28269",Posted5 days ago,None,Full-time
Member of Technical Staff - Test Engineering - Opportunity f...,VMware,To deliver on this mission we are looking for a Quality-focused Member of Technical Staff to drive key projects within our Production Engineering group.,"Remote in Charlotte, NC",Posted30+ days ago,None,Full-time
Senior Firmware Engineer,Sealed Air Corporation,We seek firmware developers to design innovative packaging equipment and user-oriented electrical controls using their unique creativity and extensive embedded…,"Charlotte, NC 28208 (Eagle Lake area)",Posted17 days ago,Estimated $107K - $136K a year,None
Sr. Cloud Site Reliability Engineer (SRE),The Standard,"We are seeking an experienced Cloud SRE that will partner with our cross-functional product delivery teams (that include data engineers, scientists, analysts,…","Remote in Charlotte, NC",Posted30+ days ago,None,Full-time
newPython Developer with Quartz,Pioneer IT Solutions,"Creative, quick-thinking and an aptitude for solving problems with technology.
Familiarity with using design and architectural patterns.","Charlotte, NC+1 location",Hiring ongoing,Estimated $116K - $147K a year,Full-time
Python Developer,MAMSYS CONSULTING SERVICES,"Python Developer responsibilities include writing and testing code, debugging programs and integrating applications with third-party web services.","Charlotte, NC+1 location",Posted20 days ago,None,"From $120,000 a year"
Python Developer,CapB InfoteK,"Integration of user-oriented elements into different applications, data storage solutions.
Developing Backend components to enhance performance and…","Charlotte, NC+1 location",Posted30+ days ago,Estimated $107K - $136K a year,None
Python Developer with Quartz,Okaya Corp,"Creative, quick-thinking and an aptitude for solving problems with technology.
Familiarity with using design and architectural patterns.","Charlotte, NC+1 location",Hiring ongoing,Estimated $116K - $147K a year,Full-time
Senior Customer Identity Solutions Specialist,Okta,"As a Solutions Engineer at Okta, you will build sales presentations, product demonstrations and educate customers at every level, from developers to product…","Remote in Charlotte, NC",Posted30+ days ago,None,"$193,000 a year"
JR LAMP Developer,Summaware LLC,"Candidate must have PHP and Python skills and a basic knowledge of Linux server environments.
The ideal candidate will have created complete PHP and/or Python…","Mooresville, NC 28117",EmployerActive 5 days ago,None,"$55,000 - $70,000 a year"
FULL STACK DEVELOPER,Quality Counts LLC,"3+ years’ experience in commercial software application development (react.js, node.js, python, HTML5).
Paid Time Off & Volunteer Time Off.","Charlotte, NC 28217 (Clanton Park-Roseland area)",Posted30+ days ago,None,"$100,000 - $120,000 a year"
Python Developer,Technodeed Inc,Acts in the highest-level technical role as an individual contributor and/or team lead for the most complex computer applications and/or application initiatives…,"Charlotte, NC",Posted30+ days ago,None,None
newComputer programmer/Coder,Haversack,"The Computer Programmer will develop computer software applications in a variety of coding languages such as Ubuntu (Linux) version : 20.04.2 LTS, Python…","Huntersville, NC 28078",Posted2 days ago,None,$32.00 - $37.50 an hour
newHadoop Developer,Pioneer IT Solutions,"Ability to dissect complex issues and leverage/coordinate platform resources to resolve technical issues.
Familiar developing within Hadoop platforms.","Charlotte, NC",Hiring ongoing,Estimated $107K - $135K a year,Full-time
"Java developers with Python , Spark, Horton Works / Hadoop",CapB InfoteK,"Standing up cutting-edge analytical capabilities, leveraging automation, cognitive and science-based techniques to manage data and models, and drive operational…","Charlotte, NC",Posted30+ days ago,Estimated $116K - $146K a year,None
Hadoop Developer,Okaya Corp,"Ability to dissect complex issues and leverage/coordinate platform resources to resolve technical issues.
Familiar developing within Hadoop platforms.","Charlotte, NC",Hiring ongoing,Estimated $107K - $135K a year,Full-time
React/C# Full Stack Developer (Remote),Recruiting From Scratch,Our client is seeking a full stack developer to add to their engineering team building their next-generation web portal for delivering and managing their…,"Remote in Charlotte, NC 28202+5 locations",Posted30+ days ago,None,"$150,000 - $175,000 a year"
Entry-Level Java FullStack developer,Quintrix Solutions Inc,"Java is the most widely used programming languages in today’s job market.
Once you qualify for the opportunity, you will undergo *12 weeks of pre-employment…","Charlotte, NC+1 location",EmployerActive 10 days ago,None,"$57,000 a year"
Sr.Net Developer,TEK-STAR CORPORATION,"Ensure systems are monitored to increase operational efficiency and managed to mitigate risk.
Design, develop, test and implement applications and system…","Charlotte, NC",EmployerActive 2 days ago,None,From $50 an hour
newEntry-Level Developer (Test Automation Developer),Quintrix,"Training & Placement Opportunity for Test Automation Developer*.
Test Automation Development is one of the fastest-growing and highly sought-after skill in…","Charlotte, NC",Posted3 days ago,None,"$57,000 a year"
Analytics Engineer (Looker),Launch Potato,"We need someone like you to lead efforts in maintaining and transforming enterprise data into actionable information.
Focus on data validation and accuracy.","Remote in Charlotte, NC",Posted30+ days ago,Estimated $114K - $144K a year,None
Hadoop Developer,Aevon Inc,"Ability to dissect complex issues and leverage/coordinate platform resources to resolve technical issues.
Familiar developing within Hadoop platforms.","Charlotte, NC",Hiring ongoing,Estimated $107K - $135K a year,Full-time
"Software Engineer - Backend (Remote, North Carolina)",BambooHR,"Write code for back end processes, RESTful public web APIs, and, of course, our industry-leading website.
Research technologies and engineer complete solutions…","Remote in Charlotte, NC 28105",Posted20 days ago,Estimated $96.7K - $122K a year,Full-time
"Sr. Python Developer - Charlotte, North Carolina",Projé General Job Board,"As a Sr. Python Developer, your role is to co-design, build, test, and implement software solutions.
You'll be involved, and collaborate in, with projects that…","Charlotte, NC",Posted30+ days ago,Estimated $115K - $146K a year,None
"Full-Stack Engineer (JavaScript, SQL, Python) 100% Remote -...",Dentsu Media,"“Applicants must be currently authorized to work in the U.S. on a full-time basis.
No sponsorship is available for this position or work transfers.”.","Remote in Charlotte, NC",Posted30+ days ago,Estimated $116K - $147K a year,Full-time
newSoftware Engineer II - Instant Match Team (full stack),Indeed,The Instant Match feature is utilized by the millions of employers that sponsor jobs and advertise their job postings on Indeed.,"Remote in Charlotte, NC+2 locations",Posted2 days ago,None,"$132,000 - $192,000 a year"
Jira Developer,Pace IT Solutions Inc,"Experience in scripting languages like Python/Groovy.
Experience in customizing JIRA projects with various issue types, schemas, complex workflows, screen…","Charlotte, NC",Hiring ongoing,Estimated $94.6K - $120K a year,Full-time
RoR Developer,NinjaHoldings,"Experience working with Frontend developers.
The Senior Software Engineer will be responsible for building new systems, enhancing and refactoring existing…","Charlotte, NC",Posted30+ days ago,Estimated $111K - $141K a year,Full-time
AWS DevOps Engineer w/ Python C128024_71.25,CapB InfoteK,"More than 5 years of experience including working for banking clients.
Experience of providing application support hosted on AWS infrastructure.","Charlotte, NC+1 location",Posted30+ days ago,Estimated $121K - $153K a year,None
Cloud Software Engineer,Yellowbrick Data,You will be part of the Cloud engineering team; whose job is to develop and deliver control plane software for providing Yellowbrick Data Warehouse services in…,"Remote in Charlotte, NC",Posted30+ days ago,Estimated $102K - $129K a year,None
newSoftware Engineer II - Instant Match Team (full stack),Indeed,The Instant Match feature is utilized by the millions of employers that sponsor jobs and advertise their job postings on Indeed.,"Remote in Charlotte, NC+2 locations",Posted2 days ago,None,"$132,000 - $192,000 a year"
DevOps Engineer,⠀RxDefine,"100% fully remote, internationally DISTRIBUTED team, but with frequent opportunities to collaborate in-person.
Family leave, up to 10 weeks of 100% paid salary.","Remote in Charlotte, NC",Posted16 days ago,Estimated $138K - $175K a year,None
Entry-Level React Web Application Engineer,Quintrix Solutions Inc,"/week) of pre-employment online training* that will be conducted during evenings and weekends.
Candidates selected for the training will be paid a *stipend of …","Charlotte, NC",EmployerActive 26 days ago,None,"$57,000 a year"
Software Engineer II,avidxchange,"This role requires experience in design, develop, collaboration, test, maintain and implement premier software.","Remote in Charlotte, NC 28206",Posted30 days ago,Estimated $94.9K - $120K a year,Full-time
newSr Software Engineer,Abacus Group LLC,"As a Sr Software Engineer, you will be responsible for the design, development, documentation, and maintenance of web applications and back-end services.","Charlotte, NC",Posted5 days ago,Estimated $95.5K - $121K a year,None
React/C# Full Stack Developer (Remote),Recruiting From Scratch,Our client is seeking a full stack developer to add to their engineering team building their next-generation web portal for delivering and managing their…,"Remote in Charlotte, NC 28202+5 locations",Posted30+ days ago,None,"$150,000 - $175,000 a year"
newSustaining Operations Engineer,Canonical - Jobs,This role deals with critical issues in the open source stack that require deep debugging and troubleshooting skills.,"Charlotte, NC",Posted4 days ago,Estimated $96.2K - $122K a year,None
Senior Full Stack Python (Django) Developer,Skilljar,"This person will be responsible for the technical design, development, and deployment of our products.
We're looking for someone with a successful track record…","Remote in Charlotte, NC",Posted17 days ago,Estimated $140K - $177K a year,None
Software Engineer (ERP) - Remote,Inspire Medical Systems I,"As a Software Engineer supporting our Quality, Finance and Operations teams for the Microsoft Dynamics Business Central application, you will work with a team…","Remote in Charlotte, NC",Posted30+ days ago,Estimated $97.1K - $123K a year,None
Site Reliability Engineer,NinjaHoldings,"This role could be treated as a software developer or DevOps role with a primary focus on troubleshooting and repairing production issues, incident response,…","Charlotte, NC",Posted30+ days ago,Estimated $105K - $133K a year,Full-time
"Full-Stack Engineer (JavaScript, SQL, Python) 100% Remote -...",Dentsu Media,"“Applicants must be currently authorized to work in the U.S. on a full-time basis.
No sponsorship is available for this position or work transfers.”.","Remote in Charlotte, NC",Posted30+ days ago,Estimated $116K - $147K a year,Full-time
Lead DevOps Engineer,Launch Potato,"Monitor existing infrastructure and recommend improvements based upon security, cost, and best practices.
Define and execute infrastructure migration plans.","Remote in Charlotte, NC",Posted10 days ago,Estimated $142K - $179K a year,None
Staff Cloud Software Developer in Test (SDET),Venafi,"To deliver on the responsibility of producing highly secure and robust software that protects machine identities at-scale, the team is looking for warriors that…","Remote in Charlotte, NC",Posted30+ days ago,Estimated $121K - $154K a year,None
Senior Full Stack Python (Django) Developer,Skilljar,"This person will be responsible for the technical design, development, and deployment of our products.
We're looking for someone with a successful track record…","Remote in Charlotte, NC",Posted17 days ago,Estimated $140K - $177K a year,None
Senior Developer (Remote),Signify Health,"We understand the benefits of a personalized approach to clinical encounters and the importance of conversation, understanding, and sitting knee-to-knee with…","Remote in Charlotte, NC",Posted30+ days ago,Estimated $126K - $159K a year,None
AWS DevOps Engineer w/ Python C128024_71.25,CapB InfoteK,"More than 5 years of experience including working for banking clients.
Experience of providing application support hosted on AWS infrastructure.","Charlotte, NC+1 location",Posted30+ days ago,Estimated $121K - $153K a year,None
Advanced Software QA Automation Engineer (Remote Role) - AE2...,"Evergreen Technologies, LLC.","Working on ways to automate and improve testing and quality for our UI, mobile and backend services.
Perform test execution, test analysis and all phases of…","Remote in Charlotte, NC",Posted19 days ago,Estimated $92.9K - $118K a year,None
Devops Engineer,Recruiting From Scratch,"Build and maintain their solutions for deployment and automation to ensure the highest quality delivery of their offering.
Everything starts with the customer.","Remote in Charlotte, NC 28202+2 locations",Posted30+ days ago,None,"$100,000 - $120,000 a year"
Solution Engineer- State and Local Government,"ESRI, Inc.","You will leverage your problem-solving skills to demonstrate the value of geoanalysis and how it finds unique patterns, trends, and understanding within a…","Charlotte, NC 28277 (Piper Glen Estates area)",Posted30+ days ago,Estimated $95.8K - $121K a year,Full-time
Lead DevOps Engineer,Launch Potato,"Monitor existing infrastructure and recommend improvements based upon security, cost, and best practices.
Define and execute infrastructure migration plans.","Remote in Charlotte, NC",Posted10 days ago,Estimated $142K - $179K a year,None
"Web Developer, Americas",Expeditors,"Previous work experience as an Web developer.
We are looking to hire an experienced JavaScript Developer developer to join our dynamic team.","Charlotte, NC 28208 (Eagle Lake area)",Posted10 days ago,None,Full-time
"Senior Software Engineer, Platform (Remote)",Freedom Financial Network,You will leverage machine learning and data to deliver intelligent decision-making services which will drive better customer experience.,"Remote in Charlotte, NC 28202",Posted30+ days ago,Estimated $137K - $173K a year,Full-time
Staff Cloud Software Developer in Test (SDET),Venafi,"To deliver on the responsibility of producing highly secure and robust software that protects machine identities at-scale, the team is looking for warriors that…","Remote in Charlotte, NC",Posted30+ days ago,Estimated $121K - $154K a year,None
Software Engineer II,avidxchange,"This role requires experience in design, develop, collaboration, test, maintain and implement premier software.","Remote in Charlotte, NC 28206",Posted30 days ago,Estimated $94.9K - $120K a year,Full-time
newPython Engineer at Education Startup,Recruiting From Scratch,Their formative assessment products turn data into practical instructional support to help students at every skill level build a strong foundation in early…,"Remote in Charlotte, NC 28202",Posted5 days ago,None,"$100,000 - $120,000 a year"
newSustaining Operations Engineer,Canonical - Jobs,This role deals with critical issues in the open source stack that require deep debugging and troubleshooting skills.,"Charlotte, NC",Posted4 days ago,Estimated $96.2K - $122K a year,None
Data Platform Cloud Engineer,Shutterfly,Shutterfly is seeking an experienced Data Platform Engineer with software engineering skills to join the Data Platform and Infrastructure team.,"Fort Mill, SC 29708",Posted30+ days ago,None,Full-time
Sr. Software Engineer II (Java/Python/AWS),Shutterfly,"Provide hands on coding approximately 80% of the time depending on the size of the project.
Document and develop in-depth knowledge of assigned domain…","Charlotte, NC 28217+3 locations",Posted30+ days ago,None,Full-time
Senior Mobile Engineer,Recruiting From Scratch,"As a member of our client's engineering team, you will focus on mobile applications, but you will also operate as a full-stack engineer and work across our…","Remote in Charlotte, NC 28202",Posted30+ days ago,None,"$100,000 - $200,000 a year"
Senior Software Developer (REMOTE),Cyware,Take initiative in improving the software in small or large ways to address pain points in your own experience as a developer.,"Remote in Charlotte, NC",Posted30+ days ago,Estimated $114K - $145K a year,None
Back-End Software Engineer (Ruby & JavaScript) 100% Remote,Dentsu Media,"“Applicants must be currently authorized to work in the U.S. on a full-time basis.
No sponsorship is available for this position or work transfers.”.","Remote in Charlotte, NC",Posted30+ days ago,Estimated $109K - $138K a year,Full-time
Senior C++ Programmer,CEDENT,"Terms of Hire: Full Time.
Lead the design, development and implementation of complex merchant services applications.","Charlotte, NC",Posted30+ days ago,Estimated $95K - $120K a year,Full-time
newSr Software Engineer,Abacus Group LLC,"As a Sr Software Engineer, you will be responsible for the design, development, documentation, and maintenance of web applications and back-end services.","Charlotte, NC",Posted5 days ago,Estimated $95.5K - $121K a year,None
Lead DevOps Engineer,Okaya Corp,"12+ years of Overall development experience.
4+ Years of Experience as Devops Engineer.
Code management best practices such as branching, merging, and…","Charlotte, NC",Hiring ongoing,Estimated $126K - $160K a year,Full-time
Site Reliability Engineer,NinjaHoldings,"This role could be treated as a software developer or DevOps role with a primary focus on troubleshooting and repairing production issues, incident response,…","Charlotte, NC",Posted30+ days ago,Estimated $105K - $133K a year,Full-time
Senior DevOps Architect,Brightspeed,Be a part of the team that will make this vision a reality….designing and building a world class fiber network and creating a customer experience second to none…,"Hybrid remote in Charlotte, NC 28203",Posted16 days ago,Estimated $126K - $160K a year,Full-time
Senior Software Engineer,Trader Interactive,"Work/life balance, including 30 paid days off in your first year.
The Senior Software Engineer is responsible for supporting the development of our digital…","Charlotte, NC 28202 (Downtown Charlotte area)",Posted30+ days ago,Estimated $94.6K - $120K a year,None
Frontend Engineer,Recruiting From Scratch,"You will work with a stellar team of passionate, experienced engineers, designers, and product managers who have been instrumental in building some of the most…","Remote in Charlotte, NC 28202",Posted30+ days ago,None,"$100,000 - $200,000 a year"
Senior Backend Engineer (Seed Stage Productivity Startup),Recruiting From Scratch,"Our client is looking for a Senior Backend Engineer to help them shape and deliver their vision.
You will work alongside the founders to define products, design…","Remote in Charlotte, NC 28202",Posted30+ days ago,None,"$130,000 - $210,000 a year"
"Site Reliability Engineer, Managed Service",SingleStore,"This requires a relentless focus on eliminating manual processes.
You will also leverage our monitoring platform to improve overall customer experience by…","Remote in Charlotte, NC",Posted30+ days ago,Estimated $116K - $147K a year,None
Senior Firmware Engineer,Recruiting From Scratch,"They are committed to lifelong learning, offering comprehensive skills training and tuition reimbursement.
Integrating and testing functional IP blocks against…","Remote in Charlotte, NC 28202+2 locations",Posted30+ days ago,None,"$125,000 - $175,000 a year"
"Lead Security (Cloud, SEC Dev Ops) Engineer",Circle,"Script in python using Amazon libraries such as boto3 to generate reusable utilities for environment configuration, control monitoring, audits, and assessment.","Remote in Charlotte, NC",Posted30+ days ago,Estimated $138K - $174K a year,None
"Senior Architect, Information Technology",CEDENT,"Position Purpose: Drive the vision and innovation, standards, development processes, systems architecture, and design patterns to support IT and business…","Charlotte, NC",Posted30+ days ago,None,"$116,000 - $165,000 a year"
Senior Mobile Engineer,Recruiting From Scratch,"As a member of our client's engineering team, you will focus on mobile applications, but you will also operate as a full-stack engineer and work across our…","Remote in Charlotte, NC 28202",Posted30+ days ago,None,"$100,000 - $200,000 a year"
Frontend Engineer,Recruiting From Scratch,"You will work with a stellar team of passionate, experienced engineers, designers, and product managers who have been instrumental in building some of the most…","Remote in Charlotte, NC 28202",Posted30+ days ago,None,"$100,000 - $200,000 a year"
Senior Firmware Engineer,Recruiting From Scratch,"They are committed to lifelong learning, offering comprehensive skills training and tuition reimbursement.
Integrating and testing functional IP blocks against…","Remote in Charlotte, NC 28202+2 locations",Posted30+ days ago,None,"$125,000 - $175,000 a year"
Senior Fullstack Software Engineer,Cloudbeds,"We create advanced cloud-based hospitality software for hotels, hostels, and hotel groups that manages reservations and guests, distributes room availability,…","Remote in Charlotte, NC 28105",Posted18 days ago,None,Full-time
Principal Back End Software Engineer - PHP + JAVA,Cloudbeds,"Support and mentor junior and senior developers in growing their knowledge and skillsets.
We create advanced cloud-based hospitality software for hotels,…","Remote in Charlotte, NC 28105",Posted24 days ago,None,Full-time
"Lead Security (Cloud, SEC Dev Ops) Engineer",Circle,"Script in python using Amazon libraries such as boto3 to generate reusable utilities for environment configuration, control monitoring, audits, and assessment.","Remote in Charlotte, NC",Posted30+ days ago,Estimated $138K - $174K a year,None
Senior Front-end Software Engineer - DIST,Cloudbeds,"We create advanced cloud-based hospitality software for hotels, hostels, and hotel groups that manages reservations and guests, distributes room availability,…","Remote in Charlotte, NC 28105",Posted30 days ago,None,Full-time
